step,tokens,induction_max,previous_max,loss_first,loss_repeat
0,0,0.0146158,0.0445377,9.79819,9.778
25,204800,0.0147183,0.0445498,9.78745,9.78903
50,409600,0.0145553,0.0448266,9.83957,9.84244
75,614400,0.0146568,0.0447125,10.163,10.1683
100,819200,0.0145752,0.0454747,10.831,10.8485
125,1024000,0.014635,0.0456448,10.6712,10.6257
150,1228800,0.0145535,0.0457192,10.8328,10.7796
175,1433600,0.0145595,0.0506726,11.191,11.1751
200,1638400,0.0146138,0.0527952,10.688,10.6934
225,1843200,0.0146089,0.0504995,11.569,11.4082
250,2048000,0.0146435,0.050286,11.1752,11.1557
275,2252800,0.01451,0.0523087,11.5852,11.4552
300,2457600,0.0150118,0.0535436,11.5824,11.5609
325,2662400,0.0154827,0.0492859,11.9066,11.85
350,2867200,0.0154292,0.0518999,11.8227,11.7515
375,3072000,0.0158788,0.0494889,11.8057,11.7361
400,3276800,0.0145887,0.0534203,11.8482,11.7536
425,3481600,0.014961,0.057007,12.1662,12.1862
450,3686400,0.0145843,0.0613208,11.8172,11.6805
475,3891200,0.0146338,0.0655306,12.0797,12.028
500,4096000,0.0145232,0.0559926,11.608,11.6133
525,4300800,0.0145178,0.0607953,12.2857,12.2984
550,4505600,0.0155817,0.0450331,11.5463,11.526
575,4710400,0.0155497,0.0873478,12.1616,12.0031
600,4915200,0.0147849,0.0861566,12.1837,12.1971
625,5120000,0.0147781,0.0596266,11.839,11.8261
650,5324800,0.0146644,0.0580043,12.0125,12.1566
675,5529600,0.0155882,0.0620054,11.7671,11.8385
700,5734400,0.0147542,0.121831,12.2503,12.1459
725,5939200,0.0151024,0.0562309,11.9404,12.0615
750,6144000,0.0149383,0.146802,12.1381,11.9836
775,6348800,0.0151094,0.050281,11.8607,11.7709
800,6553600,0.014587,0.0899135,12.208,12.1082
825,6758400,0.014795,0.152726,11.8886,11.761
850,6963200,0.0147537,0.0735413,12.3514,12.2938
875,7168000,0.01477,0.0995608,12.533,12.4635
900,7372800,0.0148906,0.108984,12.248,12.1833
925,7577600,0.0145915,0.112413,12.2729,12.2156
950,7782400,0.0149199,0.0797176,12.0858,12.0509
975,7987200,0.0144641,0.13795,12.311,12.2317
1000,8192000,0.014391,0.103502,12.1654,12.1492
1025,8396800,0.0152897,0.112432,12.0726,12.078
1050,8601600,0.0144133,0.127266,12.8463,12.7921
1075,8806400,0.0159727,0.098397,12.3615,12.376
1100,9011200,0.0148908,0.0842113,12.3082,12.2211
1125,9216000,0.0166442,0.107979,12.2107,12.1307
1150,9420800,0.0169919,0.088386,12.4832,12.3764
1175,9625600,0.0154108,0.102022,12.364,12.3853
1200,9830400,0.0145499,0.091341,13.0094,13.0348
1225,10035200,0.0168835,0.234195,12.7855,12.7913
1250,10240000,0.0175033,0.131203,12.3718,12.3465
1275,10444800,0.0147207,0.219014,12.3567,12.2815
1300,10649600,0.0145163,0.098289,12.4065,12.3679
1325,10854400,0.0153012,0.0960768,12.6679,12.5853
1350,11059200,0.0147939,0.126702,12.237,12
1375,11264000,0.0148542,0.0769275,12.3919,12.2517
1400,11468800,0.0146005,0.0966489,12.7123,12.7318
1425,11673600,0.0166929,0.147409,12.1232,11.9846
1450,11878400,0.0152076,0.103203,12.7651,12.6364
1475,12083200,0.0159996,0.0834555,11.7654,11.5498
1500,12288000,0.0157793,0.110141,12.3302,12.2678
1525,12492800,0.0146186,0.13182,12.29,12.2157
1550,12697600,0.014839,0.165682,12.6733,12.5737
1575,12902400,0.0219716,0.209626,12.4436,12.3325
1600,13107200,0.0185419,0.112698,12.4893,12.5124
1625,13312000,0.0224477,0.162815,12.4858,12.259
1650,13516800,0.0174447,0.0923237,12.7412,12.5771
1675,13721600,0.0203553,0.161404,12.5294,12.4506
1700,13926400,0.0213381,0.185645,12.4138,12.209
1725,14131200,0.0178825,0.125986,12.5871,12.3989
1750,14336000,0.0275295,0.175635,12.7229,12.6898
1775,14540800,0.0271376,0.153758,12.5626,12.4549
1800,14745600,0.03271,0.204712,12.4292,12.2584
1825,14950400,0.0300862,0.188139,12.709,12.5848
1850,15155200,0.0365907,0.194612,12.4499,12.2562
1875,15360000,0.0259299,0.192393,12.6803,12.4019
1900,15564800,0.0239693,0.129557,12.7046,12.5064
1925,15769600,0.0325517,0.164855,12.2683,12.0439
1950,15974400,0.041033,0.224025,12.1616,11.9282
1975,16179200,0.0272956,0.218282,12.2427,12.1591
2000,16384000,0.0286502,0.180717,12.2001,12.0361
2025,16588800,0.0362107,0.148148,12.5315,12.3613
2050,16793600,0.0298683,0.196603,12.1752,11.9297
2075,16998400,0.030718,0.192738,12.642,12.5059
2100,17203200,0.0353812,0.215535,12.3775,11.9384
2125,17408000,0.0397069,0.251277,12.9197,12.7361
2150,17612800,0.0329881,0.203362,13.0421,12.747
2175,17817600,0.0529675,0.270474,12.1665,11.9224
2200,18022400,0.0355292,0.178838,12.6801,12.464
2225,18227200,0.0499128,0.248086,12.415,12.0975
2250,18432000,0.0410909,0.181558,12.6108,12.2488
2275,18636800,0.0534581,0.243059,12.5627,12.1069
2300,18841600,0.0483253,0.218086,12.6821,12.5112
2325,19046400,0.0492185,0.232359,12.1526,11.9929
2350,19251200,0.0477593,0.217486,12.5025,12.2396
2375,19456000,0.050261,0.195402,12.8062,12.5518
2400,19660800,0.0380802,0.162803,12.4806,12.2119
2425,19865600,0.0539489,0.218321,12.869,12.5572
2450,20070400,0.0305078,0.132507,12.5352,12.2189
2475,20275200,0.0415218,0.184286,12.293,11.9564
2500,20480000,0.0706556,0.216882,12.5814,12.043
2525,20684800,0.0792063,0.270333,12.3003,11.8548
2550,20889600,0.0879489,0.254228,12.2293,11.7807
2575,21094400,0.0749354,0.301536,11.8846,11.5248
2600,21299200,0.0735487,0.224958,12.499,12.1174
2625,21504000,0.0757107,0.242089,12.9091,12.5436
2650,21708800,0.0963348,0.259107,12.7648,12.1701
2675,21913600,0.114838,0.278141,12.4213,11.7561
2700,22118400,0.114273,0.309391,12.3035,11.4978
2725,22323200,0.0716083,0.246151,12.4701,11.9699
2750,22528000,0.101095,0.261165,12.6206,12.1209
2775,22732800,0.0920003,0.24897,12.5244,11.9815
2800,22937600,0.117552,0.300726,12.7078,11.9751
2825,23142400,0.0976203,0.28044,12.5467,11.9178
2850,23347200,0.131748,0.292541,12.5031,11.7682
2875,23552000,0.111965,0.279812,12.9708,12.4574
2900,23756800,0.0751782,0.24333,12.6267,12.1629
2925,23961600,0.145131,0.327083,12.6858,11.9462
2950,24166400,0.104384,0.24601,12.8316,12.3096
2975,24371200,0.0920776,0.267629,12.5739,11.9364
3000,24576000,0.137044,0.268705,12.6411,11.8627
