layer,head,induction,previous,duplicate,entropy
5,4,0.4997,0.0397,0.0151,3.125
6,6,0.2161,0.0357,0.0160,3.087
6,1,0.0896,0.0448,0.0160,3.008
5,2,0.0207,0.0562,0.0159,2.789
3,1,0.0177,0.0477,0.0111,3.923
2,5,0.0145,0.0374,0.0171,4.264
2,6,0.0142,0.0488,0.0132,4.345
1,1,0.0136,0.0455,0.0138,4.475
1,2,0.0135,0.0457,0.0141,4.545
2,4,0.0132,0.0497,0.0092,4.140
1,5,0.0131,0.0485,0.0133,4.283
2,1,0.0131,0.0431,0.0123,3.794
1,4,0.0126,0.0461,0.0132,4.525
5,5,0.0125,0.0933,0.0080,2.828
1,6,0.0124,0.0425,0.0141,4.542
2,3,0.0119,0.0479,0.0098,4.292
1,3,0.0111,0.0496,0.0112,4.542
2,2,0.0110,0.0483,0.0118,4.285
6,3,0.0106,0.0707,0.0106,1.016
3,4,0.0105,0.0518,0.0139,3.462
3,3,0.0096,0.0519,0.0092,3.143
3,6,0.0096,0.0766,0.0082,2.874
5,6,0.0059,0.0739,0.0057,2.430
6,5,0.0054,0.0693,0.0063,2.521
5,3,0.0050,0.0570,0.0057,2.353
4,5,0.0044,0.0619,0.0039,2.361
4,4,0.0042,0.1364,0.0041,2.836
6,2,0.0037,0.1106,0.0038,1.684
3,5,0.0028,0.1692,0.0026,3.371
4,3,0.0016,0.1234,0.0014,1.566
5,1,0.0012,0.2399,0.0007,1.739
4,2,0.0004,0.3461,0.0002,2.011
6,4,0.0004,0.3699,0.0002,1.387
4,1,0.0002,0.2387,0.0001,1.020
3,2,0.0000,0.8952,0.0000,1.728
4,6,0.0000,0.9659,0.0000,0.275
