tensor,shape,parameters
wte.weight,16384x384,6291456
blocks.0.ln1.weight,384,384
blocks.0.attn.qkv.weight,1152x384,442368
blocks.0.attn.proj.weight,384x384,147456
blocks.0.ln2.weight,384,384
blocks.0.mlp.up.weight,2048x384,786432
blocks.0.mlp.down.weight,384x1024,393216
blocks.1.ln1.weight,384,384
blocks.1.attn.qkv.weight,1152x384,442368
blocks.1.attn.proj.weight,384x384,147456
blocks.1.ln2.weight,384,384
blocks.1.mlp.up.weight,2048x384,786432
blocks.1.mlp.down.weight,384x1024,393216
blocks.2.ln1.weight,384,384
blocks.2.attn.qkv.weight,1152x384,442368
blocks.2.attn.proj.weight,384x384,147456
blocks.2.ln2.weight,384,384
blocks.2.mlp.up.weight,2048x384,786432
blocks.2.mlp.down.weight,384x1024,393216
blocks.3.ln1.weight,384,384
blocks.3.attn.qkv.weight,1152x384,442368
blocks.3.attn.proj.weight,384x384,147456
blocks.3.ln2.weight,384,384
blocks.3.mlp.up.weight,2048x384,786432
blocks.3.mlp.down.weight,384x1024,393216
blocks.4.ln1.weight,384,384
blocks.4.attn.qkv.weight,1152x384,442368
blocks.4.attn.proj.weight,384x384,147456
blocks.4.ln2.weight,384,384
blocks.4.mlp.up.weight,2048x384,786432
blocks.4.mlp.down.weight,384x1024,393216
blocks.5.ln1.weight,384,384
blocks.5.attn.qkv.weight,1152x384,442368
blocks.5.attn.proj.weight,384x384,147456
blocks.5.ln2.weight,384,384
blocks.5.mlp.up.weight,2048x384,786432
blocks.5.mlp.down.weight,384x1024,393216
ln_f.weight,384,384
